Species,Elevation,Body_length,Proboscis_length,Head_diameter,Body_diameter,Weight_dry,Pollen_head,Pollen_thorax,Pollen_legs,Pollen_abdomen
Adia_cinerella,1632,3.36,1.09,1.08,NA,NA,1,2,2,1
Aeolothripidae_sp.,2080,0.91,NA,0.17,0.31,NA,0,1,0,0
Agriphila_sp.,1181,7.8,3.12,3.21,NA,NA,1,0,1,0
Agriphila_sp.,1463,9.32,4.34,1.68,NA,NA,0,0,0,0
Agriphila_straminella,1463,7.105,1.885,0.98,NA,NA,0,0,0,0
Agromyzidae_sp.,1181,1.736,NA,0.568,NA,NA,0.4,1,1.4,0.8
Agromyzidae_sp.,1463,1.9625,NA,0.6975,NA,NA,0.25,0.75,0.5,0.25
Agromyzidae_sp.,1632,1.8425,NA,0.5575,NA,NA,0,0.75,0.5,0
Agromyzidae_sp.,1860,2.785882353,NA,0.886111111,NA,NA,0.222222222,0.611111111,0.555555556,0.333333333
Agromyzidae_sp.,2080,2.413125,NA,0.71125,NA,NA,0.375,0.9375,0.8125,0.625
Agromyzidae_sp.,2283,2.671666667,NA,0.915,NA,NA,0.666666667,1.333333333,0.833333333,1.166666667
Agromyzidae_sp.,2379,1.56,NA,0.5,NA,NA,1,1,1,1
Agromyzidae_sp.,2587,1.99,NA,0.44,NA,NA,0,0,1,0
Ancylis_unguicella,2379,4.86,0.47,0.66,NA,NA,0,0,0,1
Andrena_bicolor,1463,#DIV/0!,1.13,2.78,NA,NA,2,4,3,3
Andrena_cineraria,1181,13.955,2.575,3.52,NA,NA,2,3,3.5,3
Andrena_coitana,1181,7.725,1.845,2.255,NA,NA,NA,NA,NA,NA
Andrena_coitana,1632,#DIV/0!,NA,NA,NA,NA,NA,NA,NA,NA
Andrena_hattorfiana,1181,15.135,3.97,3.705,NA,NA,2.5,2.5,3,2.5
Andrena_minutula,1181,6.8,1.9,2.01,NA,NA,2,3,3,2
Andrena_minutula,1463,#DIV/0!,1.21,1.93,NA,NA,0,2,3,1
Andrena_rogenhoferi,2379,14.84,2.52,3.64,NA,NA,3,4,4,4
Andrena_subopaca,1181,6.37,1.54,1.95,NA,NA,1,1,3,1.5
Andrena_subopaca,1463,#DIV/0!,0.53,2,NA,NA,0,2,2,1
Anoplus_sp.,1181,2.89,0.97,0.59,1.22,NA,0,1,2,2
Anoplus_sp.,1632,2.715,0.885,0.52,0.975,NA,0,0,0.5,2
Anoplus_sp.,2283,2.94,0.9155,0.586,1.195,NA,0.6,0.7,2.3,2.7
Anthidium_byssinum,1181,10.87,4.26,3.68,NA,NA,2,3,4,3
Anthomyia_liturata,1463,#DIV/0!,NA,NA,NA,NA,NA,NA,NA,NA
Anthomyiidae_sp.,1632,5.66,0.76,1.43,NA,NA,0,1,1,0
Anthomyiidae_sp.,1860,4.13,0.79,1.16,NA,NA,0,0,1,1
Anthomyiidae_sp.,2379,3.09,NA,1.12,NA,NA,0,1,2,1
Anthomyzidae_sp.,1860,2.84,NA,0.675,0.67,NA,0,0.5,1,1.5
Anthomyzidae_sp.,2283,3.19,NA,0.84,NA,NA,0,1,0,0
Anthophagus_sp.,1860,3.696666667,NA,0.716666667,0.823333333,NA,0,0.666666667,1,1
Anthophagus_sp.,2080,3.51875,NA,0.70875,0.65375,NA,0.125,0.375,1.125,0.875
Anthophagus_sp.,2283,5.06,NA,0.75,1.31,NA,0,0,1,0
Anthophagus_sp.,2587,3.4148,NA,0.6824,0.686,0.41,0.4,0.8,1.12,0.96
Aphididae_sp.,1181,1.513333333,NA,0.383333333,NA,NA,0,0.333333333,0.666666667,0.666666667
Aphididae_sp.,1463,1.01,NA,0.45,NA,NA,0,0,0,0
Aphididae_sp.,1860,2.03,0.37,0.43,NA,NA,0,0,0,1
Aphididae_sp.,2080,1.44,NA,0.46,NA,NA,0,0,0,0
Apidae_sp.,1181,11.42333333,2.93,3.056666667,NA,9.71,1,2,3,1
Apidae_sp.,1463,10.156,3.188,2.914,NA,NA,1.333333333,1.666666667,2.833333333,1.833333333
Apidae_sp.,1632,7.67,2.218333333,2.001666667,NA,NA,1.833333333,2.666666667,3,2.666666667
Apidae_sp.,1860,11.14,1.01,3.01,NA,NA,3,4,4,4
Apidae_sp.,2587,10.96,2.11,3.73,NA,NA,1,1,3,1
Apis_mellifera,1181,11.12111111,4.162222222,3.78,NA,21.76444444,2,2.666666667,3.333333333,2.444444444
Apis_mellifera,1463,11.82833333,3.423333333,3.806666667,NA,NA,2.333333333,2.666666667,3.166666667,3
Asarta_aethiopella,2283,6.325,3.365,1.255,NA,NA,0.5,0.5,0,0
Asilidae_sp.,1181,9.04,1.24,2.93,NA,NA,0,1,2,0
Asilidae_sp.,2587,10.39,1.09,2.2,NA,NA,0,0,1,0
Aterpia_corticana,1860,6.83,0.68,0.95,NA,NA,1,0,0,0
Athericidae_sp.,1632,6.15,0.56,1.77,NA,NA,0,1,0,1
Auchenorrhyncha_sp.,1181,1.74375,0.84625,0.625,NA,NA,0.375,0,0.375,0.25
Auchenorrhyncha_sp.,1632,2.472857143,1.7275,0.847142857,NA,NA,0.142857143,0,0.428571429,0
Bibionidae_sp.,1181,4.36,NA,1.23,NA,NA,2,2,3,1
Bibionidae_sp.,1463,1.57,NA,0.16,NA,NA,0,0,1,1
Bibionidae_sp.,1632,4.106666667,NA,0.956666667,NA,NA,1,2,1.666666667,1.333333333
Bibionidae_sp.,1860,5.55,0.2775,0.72,NA,NA,0.4,2.2,2.6,1.8
Bibionidae_sp.,2080,5.1875,0.24,0.6275,NA,NA,2,2.5,2.5,2.5
Bibionidae_sp.,2283,5.185,NA,1.275,NA,NA,1,1.5,2,1.5
Bittacidae_sp.,1463,9.82,2.64,1.51,NA,NA,0,0,1,0
Boloria_pales,2283,13.675,7.505,2.62,NA,NA,0.5,1.5,1,1
Bombus_gerstaeckeri,1181,10.612,5.344,3.322,NA,33.22166667,1.6,1.9,2.9,1.6
Bombus_gerstaeckeri,1632,11.534,4.776,3.594,NA,34.2,2.5,2.5,3.25,1.75
Bombus_hortorum_group,1181,10.85333333,4.1,3.393333333,NA,33.5,2,3,3,1.5
Bombus_hortorum_group,2283,12.45,3.3425,3.815,NA,42.384,1.5,1.75,3,2.25
Bombus_humilis,1181,#DIV/0!,NA,NA,NA,NA,NA,NA,NA,NA
Bombus_jonellus,1181,11.1,5.43,3.645,NA,36.09,1.5,2.5,3,2
Bombus_jonellus,1632,10.87,3.88,3.19,NA,25.9,2,2,3,3
Bombus_jonellus,2283,11.485,3.125,3.26375,NA,35.19,2,2.5,3.375,3.125
Bombus_pascuorum,1181,12.02,6.16,3.8,NA,42.68333333,0,3,3,3
Bombus_pascuorum,1463,#DIV/0!,2.87,4.18,NA,NA,1,2,3,2
Bombus_pascuorum,1632,12.062,4.696,3.66,NA,42.8,8,2.4,3,2.2
Bombus_quadricolor,1463,19.72,3.03,4.575,NA,NA,3,3,3.5,3
Bombus_ruderarius,1181,10.79666667,5.446666667,3.24,NA,NA,1.333333333,2,3,1.666666667
Bombus_ruderarius,1463,#DIV/0!,3.47,4.52,NA,NA,3,3,3,3
Bombus_ruderarius,1632,10.635,2.45,3.285,NA,NA,2,2.5,3,2.5
Bombus_ruderarius,2080,#DIV/0!,3.58,4.47,NA,NA,1,3,3,3
Bombus_ruderarius,2283,12.295,2.5,3.745,NA,NA,2,3,3.5,3
Bombus_rupestris,1463,#DIV/0!,1.51,5.11,NA,NA,3,4,4,4
Bombus_sichelii_or_pyrenaeus,1181,11.26555556,4.556666667,3.385555556,NA,NA,1.5,1.875,3,2
Bombus_sichelii_or_pyrenaeus,1463,11.6,1.91,3.34,NA,NA,2,2,3,2
Bombus_sichelii_or_pyrenaeus,1632,10.32071429,3.410714286,3.042857143,NA,27.75,1.8,2.533333333,3.066666667,2.266666667
Bombus_sichelii_or_pyrenaeus,1860,13.35,1.68,3.43,NA,NA,1,2,3,3
Bombus_sichelii_or_pyrenaeus,2080,22.19,2.125,3.195,NA,NA,1.5,2,3,2
Bombus_sichelii_or_pyrenaeus,2283,11.28875,3.382916667,3.485833333,NA,36.03888889,1.541666667,2.166666667,3,2.541666667
Bombus_soroeensis,1181,11.625,4.706666667,3.431666667,NA,27.492,1.666666667,2.5,3,2.5
Bombus_soroeensis,1632,10.93,3.195,3.32,NA,NA,1,2,3,2.5
Bombus_soroeensis,1860,11.84,1.54,3.11,NA,NA,3,3,3,3
Bombus_soroeensis,2080,#DIV/0!,2.49,4.37,NA,NA,2,3,3,3
Bombus_soroeensis,2283,11.57181818,3.473636364,3.453181818,NA,33.5375,1.909090909,2.454545455,3.181818182,2.772727273
Bombus_sp.,1181,12.066,4.884,3.671,NA,37.475,1.666666667,2.555555556,3.444444444,2.555555556
Bombus_sp.,2283,10.99666667,3.036666667,3.413333333,NA,51.882,1.666666667,3,3,2.666666667
Bombus_subterraneus,1463,15.76,1.96,5.08,NA,NA,3,3,3,3
Bombus_terrestris_group,1181,12.08,3.884,3.759,NA,37.30666667,2.222222222,2.777777778,3.222222222,2.555555556
Bombus_terrestris_group,1463,16.18,1.83,4.67,NA,NA,3,3,3,3
Bombus_terrestris_group,1632,9.68,2.38,2.91,NA,NA,1,2,3,2
Bombus_terrestris_group,2283,12.46166667,3.169444444,3.788888889,NA,50.5175,1.888888889,2.055555556,3,2.333333333
Bombus_wurflenii,1181,12.19,5,3.42,NA,NA,2,2,3,2
Bombus_wurflenii,2283,12.24428571,3.81,3.898571429,NA,55.90666667,1.857142857,2.285714286,3,2.428571429
Botanophila_fugax,1463,5.055,1.315,1.49,NA,NA,1,2.5,2,1
Botanophila_sp.,1181,4.56,1.114285714,1.484285714,NA,NA,0.833333333,2,2.166666667,1
Botanophila_sp.,1463,4.823571429,1.106428571,1.459285714,NA,1.24,0.5,2.214285714,1.928571429,0.857142857
Botanophila_sp.,1632,3.905,1.013333333,1.225,NA,0.81625,0.5,2.2,1.9,1.1
Botanophila_sp.,1860,4.208421053,0.948421053,1.360526316,NA,1.25,0.4,1.8,1.35,0.6
Botanophila_sp.,2080,4.6975,1.31,1.46,NA,NA,0.5,1,1,0.75
Botanophila_sp.,2283,5.132222222,1.336666667,1.596666667,NA,1.32,1.111111111,2.666666667,2.666666667,1.888888889
Botanophila_sp.,2379,5.114,1.422,1.606,NA,NA,0.8,2.6,2.6,1.6
Botanophila_sp.,2587,4.524,1.476,1.522,NA,NA,0.6,2.4,1.6,0.8
Botanophila_striolata,2379,4.4,1.39,1.383333333,NA,NA,0.666666667,2,1,1
Botanophila_varicolor,1181,7.418181818,1.479090909,1.855454545,NA,7.545,1.2,2.5,2.4,1.3
Botanophila_varicolor,1463,7.0675,1.49875,1.725,NA,4.255,1.4375,2.5,2.5625,1.875
Botanophila_varicolor,1632,6.26875,1.480625,1.644375,NA,2.1325,0.714285714,2.214285714,2.357142857,1.214285714
Botanophila_varicolor,1860,6.58125,1.13625,1.68625,NA,3.15,0.75,1.875,1.625,1.375
Botanophila_varicolor,2080,6.3075,1.33,1.7925,NA,NA,1,2,1.75,1.25
Botanophila_varicolor,2283,7.053,1.452,1.679,NA,NA,0.8,2.8,2.6,2
Botanophila_varicolor,2379,6.82,1.34,1.62,NA,NA,1,2,1,0
Botanophila_varicolor,2587,6.38,1.4,1.72,NA,NA,1,2,2,2
Braconidae_sp.,1181,2.04,NA,0.54,NA,NA,0,1,1,1
Braconidae_sp.,1463,2.756666667,NA,0.665,NA,NA,0.333333333,1.166666667,0.5,0.5
Braconidae_sp.,1632,1.84,NA,0.56,NA,NA,0,0,0,1
Braconidae_sp.,1860,#DIV/0!,NA,NA,NA,NA,NA,NA,NA,NA
Braconidae_sp.,2283,2.25,NA,0.57,NA,NA,0,0.5,0,0
Braconidae_sp.,2379,2.575,NA,0.575,NA,NA,1,2,1.5,0.5
Braconidae_sp.,2587,2.29,NA,0.52,NA,NA,0,0,0,0
Bradysia_alpicola,1463,2.6,NA,0.45,NA,NA,0,0,1,0.5
Bradysia_flavipila,1860,1.67,NA,0.35,NA,NA,0,0,1,1
Bradysia_pauperata,2587,2.53,0.21,0.46,NA,NA,0,3,2,2
Bradysia_polonica,1463,1.16,NA,0.22,NA,NA,0,1,1,0
Bradysia_praecox,1181,2.033333333,NA,0.373333333,NA,NA,0.333333333,0.333333333,0.333333333,0
Bradysia_praecox,1860,2.53,NA,0.4,NA,NA,0,1,2,1
Bradysia_praecox,2379,2.26,NA,0.36,NA,NA,0,0,0,1
Bradysia_sp.,1181,2.202142857,NA,0.368571429,NA,NA,0.448275862,0.724137931,1,1.137931034
Bradysia_sp.,1463,2.587333333,0.245,0.408,NA,NA,0.6,1.533333333,1.533333333,1.466666667
Bradysia_sp.,1632,1.696666667,NA,0.43,NA,NA,0,0.333333333,0.333333333,0.666666667
Bradysia_sp.,1860,2.496363636,NA,0.365,NA,NA,0,0.363636364,0.545454545,0.181818182
Bradysia_sp.,2080,2.074444444,0.095,0.39,NA,NA,0.333333333,0.666666667,0.333333333,0.333333333
Bradysia_sp.,2283,2.370769231,NA,0.368461538,NA,NA,0.615384615,1.461538462,1.230769231,1.461538462
Bradysia_sp.,2379,2.749,NA,0.429,NA,NA,0.9,2.1,1.7,2.2
Bradysia_sp.,2587,1.95,0.165,0.365,NA,NA,0,1,0.5,0.5
Bradysia_subscabricornis,2283,1.67,NA,0.37,NA,NA,0,1,0,0
Bradysia_zetterstedti,1860,2.5,NA,0.5,NA,NA,1,1,0,0
Bruchidae_sp.,1463,2.722,NA,0.766,1.42,NA,0.6,0.6,1,0.8
Buprestidae_sp.,1632,4.47,NA,1.24,1.68,NA,1,1,2,0
Calliphoridae_sp.,1181,8.037368421,1.990526316,2.812631579,NA,NA,1.368421053,2.210526316,2.368421053,1.736842105
Calliphoridae_sp.,1463,8.283,1.791,2.639,NA,NA,1.7,3.1,3,2.8
Calliphoridae_sp.,1632,7.92,2.26,2.91,NA,NA,2,3,3,3
Calliphoridae_sp.,2080,9.205,2.005,3.16,NA,NA,1,3,2,2
Calliphoridae_sp.,2283,7.183333333,1.85,2.116666667,NA,NA,1,3,2.666666667,3
Camillidae_sp.,2080,2.77,NA,0.77,NA,NA,1,0,0,0
Camptochaeta_austriaca,2283,1.56,NA,0.38,NA,NA,0,0,0,0
Cantharidae_sp.,1181,7.83,1.55,1.673333333,2.32,NA,1,2,2,3
Cantharidae_sp.,1463,9.74,NA,1.596666667,2.026666667,NA,0.333333333,0.666666667,2,1
Cantharidae_sp.,1632,10.91,NA,2.18,2.64,NA,1,0,1,1
Carabidae_sp.,2080,12.69,NA,2.32,3.98,NA,0,0,1,1
Carnidae_sp.,1181,1.0875,NA,0.3875,NA,NA,0,0.25,0,0
Carnidae_sp.,1860,1.87,NA,0.7,NA,NA,0,0,1,0
Catoptria_petrificella_or_combinella,1860,10.61,6.22,1.17,NA,NA,0,0,0,0
Catoptria_petrificella_or_combinella,2080,10.11,4.86,1.22,NA,NA,0,0,0,0
Cauchas_fibulella,1463,2.81,0.87,0.83,NA,NA,1,0,1,0
Cecidomyiidae_sp.,1181,0.72,NA,0.22,NA,NA,0,0,0,0
Cecidomyiidae_sp.,1860,#DIV/0!,NA,NA,NA,NA,NA,NA,NA,NA
Cecidomyiidae_sp.,2080,1.305,NA,0.305,NA,NA,0,1,0.5,0.5
Cecidomyiidae_sp.,2283,1.64,NA,0.265,NA,NA,0,0,0,0
Cecidomyiidae_sp.,2379,1.22,NA,0.2,NA,NA,0,1,0,0
Cerambycidae_sp.,1181,8.015,1.59,1.315,1.18,NA,1,2,2.5,2.5
Cerambycidae_sp.,1463,7.905,2.14,1.405,1.883333333,NA,1.5,1.25,2.25,1.75
Cerambycidae_sp.,1860,7.71,1.51,1.47,3.205,NA,1.333333333,2,2.333333333,1.666666667
Cerambycidae_sp.,2080,10.68,NA,2.44,2.22,NA,2,3,3,3
Cerambycidae_sp.,2379,3.955,NA,0.825,1.09,NA,1,0.5,1.5,1
Ceratopogonidae_sp.,1181,1.51,NA,0.335,NA,NA,0.2,0.4,0.6,0.1
Ceratopogonidae_sp.,1463,1.4625,NA,0.335,NA,NA,0,0,0,0
Ceratopogonidae_sp.,1632,1.25,NA,0.315,NA,NA,0,0,0,0
Ceratopogonidae_sp.,1860,1.16,NA,0.25,NA,NA,0,1,0,0
Ceratopogonidae_sp.,2283,1.445714286,NA,0.360714286,NA,NA,0.071428571,0.428571429,0.214285714,0.214285714
Chalcidoidea_sp.,1181,1.825,NA,0.58,NA,NA,0.5,0,0.5,0
Chalcidoidea_sp.,1463,2.296,NA,0.678,NA,NA,0,0,0,0.1
Chalcidoidea_sp.,1860,1.52,NA,0.35,NA,NA,0,0,0,0
Chalcidoidea_sp.,2283,1.656666667,NA,0.423333333,NA,NA,0.333333333,0,0.333333333,0
Chalcidoidea_sp.,2379,2.5,NA,0.7025,NA,NA,0.5,0.75,0.25,0.25
Chaoboridae_sp.,1463,1.55,NA,0.365,NA,NA,0,0,0,0
Cheilosia_carbonaria,1181,11.08,2.73,3.38,NA,NA,2,3,3,3
Cheilosia_griseiventris,1632,13.05,3.085,4.185,NA,NA,2.5,3.5,3.5,3
Cheilosia_laticornis,1632,11.815,3.33,4.025,NA,NA,3,3.5,3.5,3.5
Cheilosia_sp.,1181,9.165714286,2.138461538,2.949285714,NA,NA,1.416666667,2.833333333,2.666666667,2.083333333
Cheilosia_sp.,1463,12.5,3.01,3.96,NA,NA,3,4,3,3
Cheilosia_sp.,1632,9.07,2.226744186,2.848604651,NA,NA,1.875,3,2.9375,2.5625
Cheilosia_sp.,2283,7.687407407,1.748148148,2.476666667,NA,NA,1.592592593,3,3,2.62962963
Cheilosia_sp.,2379,6.202156863,1.156470588,1.777254902,NA,NA,0.921568627,1.921568627,1.882352941,1.019607843
Chiastocheta_trollii,1632,3.04,0.55,0.87,NA,NA,1,3,3,2
Chironomidae_sp.,1181,1.39,NA,0.3,NA,NA,0,0,0,0
Chironomidae_sp.,1463,1.4475,NA,0.3575,NA,NA,0,0.5,0.5,0
Chironomidae_sp.,1860,1.57,NA,0.36,NA,NA,0,0.333333333,0,0
Chironomidae_sp.,2080,1.254166667,NA,0.2525,NA,NA,0.090909091,1.090909091,0.272727273,0.454545455
Chironomidae_sp.,2283,1.9,NA,0.23,NA,NA,0,1,0,0
Chironomidae_sp.,2379,1.145,NA,0.3,NA,NA,0,0,0,0
Chironomidae_sp.,2587,2.18,NA,0.55,NA,NA,0,1,0,1
Chloropidae_sp.,1181,1.675625,NA,0.625625,NA,NA,0.625,0.8125,0.625,0.1875
Chloropidae_sp.,1463,1.904230769,NA,0.656153846,NA,NA,0.115384615,0.769230769,0.653846154,0.269230769
Chloropidae_sp.,1632,1.7525,NA,0.67125,NA,NA,0.375,0.625,0.625,0.25
Chloropidae_sp.,1860,1.811818182,0.2,0.621818182,NA,NA,0.227272727,0.636363636,0.590909091,0.318181818
Chloropidae_sp.,2080,2.358,NA,0.783333333,NA,NA,0.333333333,1.166666667,0.833333333,0.166666667
Chloropidae_sp.,2283,1.636363636,NA,0.585454545,NA,NA,0.272727273,0.454545455,0.272727273,0.363636364
Chloropidae_sp.,2379,1.504285714,NA,0.581428571,NA,NA,0.428571429,0.428571429,0.285714286,0
Chloropidae_sp.,2587,1.95,NA,0.6,NA,NA,0,0,0,0
Chrysomelidae_sp.,1181,5.253846154,NA,1.658461538,2.632727273,NA,0.75,0.75,1.75,1.583333333
Chrysomelidae_sp.,1463,4.813333333,NA,1.226666667,1.835,NA,1.333333333,1.666666667,1.666666667,2
Chrysomelidae_sp.,2080,10.63,NA,2.23,3.69,NA,0,0,2,0
Chrysomelidae_sp.,2587,7.12,NA,1.27,2.48,NA,0,0,1,1
Chrysoperla_sp.,1463,8.61,NA,1.39,NA,NA,0,0,0,0
Chrysoteuchia_culmella,1181,9.04,2.66,1.24,NA,NA,0,0,0,0
Chrysotoxum_fasciolatum,1181,11.182,2.1,3.788,NA,NA,1.4,3,2.8,1.8
Chrysotoxum_sp.,1181,11.46,2.05,3.79,NA,NA,1,3,3,2
Cimbicidae_sp.,2283,9.87,NA,2.16,NA,NA,3,3,3,3
Claustropyga_refrigerata,1860,1.57,NA,0.37,NA,NA,0,0,0,0
Cleridae_sp.,1632,9.28,NA,2.07,3.63,NA,0,1,2,1
Coccinellidae_sp.,1181,4.59,NA,1.16,2.05,NA,0,0,0,0
Coccinellidae_sp.,1463,5.64,NA,1.39,2.8,NA,0,0,1,1
Coccinellidae_sp.,2587,6.33,NA,1.36,2.96,NA,0,0,0,0
Coenosia_alpicola,1181,3.36,0.565,0.95,NA,NA,0.5,0.5,1,0
Coenosia_alpicola,1463,3.97,NA,0.95,NA,NA,1,3,3,0
Coenosia_ambigua,1181,3,NA,1.01,NA,NA,0,1,2,1
Coenosia_ambigua,1860,4.06,0.75,1.04,NA,NA,0,1,1,0
Coenosia_bilineella,1181,3.44,0.64,0.87,NA,NA,1,1,2,1
Coenosia_intermedia,1181,5.75,1.09,1.58,NA,NA,1,1,1,1
Coenosia_lineatipes,1181,2.84,NA,0.8,NA,NA,0,1,0,1
Coenosia_obscuricula,1860,4.14,1.04,0.95,NA,NA,0,3,3,1
Coenosia_obscuricula,2283,2.94,0.6,0.71,NA,NA,0,2,1,0
Coenosia_sp.,1181,3.090833333,0.828888889,0.869166667,NA,0.61,0.666666667,1.416666667,1.25,0.75
Coenosia_sp.,1463,3.326875,0.816875,0.868125,NA,0.455,0.444444444,1.055555556,1.388888889,0.833333333
Coenosia_sp.,1632,3.475,0.734,0.985,NA,NA,0.5,1.333333333,1.333333333,1
Coenosia_sp.,2080,3.115,0.73,0.7525,NA,NA,1,1.25,1,1
Coenosia_sp.,2283,3.601176471,0.934117647,0.940588235,NA,0.8,0.352941176,1.058823529,1.058823529,0.941176471
Coenosia_sp.,2379,3.290333333,0.857826087,0.866,NA,0.503333333,0.433333333,1.3,1.266666667,0.533333333
Coenosia_sp.,2587,3.151666667,0.86,0.816666667,NA,NA,0.166666667,0.833333333,1,0.333333333
Coleophora_sp.,1181,5.59,3.85,0.85,NA,NA,0,0,1,0
Collembola_sp.,2587,0.79,NA,0.36,NA,NA,0,0,0,0
Conicera_floricola,1463,1.53,NA,0.46,NA,NA,0,0,0,0
Conicera_sp.,1463,1.25,NA,0.31,NA,NA,0,0,0,0
Corynoptera_sp.,1463,1.92,NA,0.31,NA,NA,1,2,3,1
Corynoptera_sp.,1860,1.71,NA,0.325,NA,NA,0,0,0.5,0
Corynoptera_sp.,2080,1.61,NA,0.27,NA,NA,0,0,1,0
Corynoptera_sp.,2283,1.91,NA,0.305,NA,NA,0.5,0.5,0.5,0
Crambinae_sp.,1181,#DIV/0!,NA,NA,NA,NA,NA,NA,NA,NA
Cratyna_colei,1181,1.88,NA,0.365,NA,NA,0.5,1,0,0
Cratyna_nobilis,1463,1.33,NA,0.32,NA,NA,0,0,0,0
Cratyna_sp.,1632,3.04,NA,0.4,NA,NA,0,0,1,0
Cratyna_sp.,1860,2.065,NA,0.3875,NA,NA,0,0.25,0,0.5
Cratyna_sp.,2283,1.841428571,NA,0.324285714,NA,NA,0.142857143,0.428571429,0.571428571,0
Cratyna_sp.,2379,2.09,NA,0.31,NA,NA,0,1,1,0
Cryptophagidae_sp.,1860,6.34,NA,1.62,2.66,NA,2,3,3,2
Curculionidae_sp.,1463,2.7,1.063333333,0.43,0.856666667,NA,0,0.333333333,1,0.666666667
Curculionidae_sp.,1860,2.456,1.144,0.422,0.836,NA,0.4,1,1.6,1
Curculionidae_sp.,2080,2.858333333,1.013888889,0.562222222,1.148888889,0.14,0.166666667,1.111111111,1.277777778,1.611111111
Curculionidae_sp.,2283,2.87,0.86,0.56,1.1,NA,2,2,3,3
Delia_nuda,2283,4.83,1.2,1.2,NA,NA,0,1,1,0
Delia_nuda,2379,4.57,0.93,1.4,NA,NA,1,1,1,0
Delia_sp.,2379,3.7,0.89,1.15,NA,NA,1,1,1,1
Delphacidae_sp.,1181,2.99,0.49,0.88,NA,NA,0,0,0,1
Delphacidae_sp.,1860,2.665,0.44,0.77,NA,NA,0,0.25,0,0
Diapriidae_sp.,2283,2.13,NA,0.47,NA,NA,1,1,0,0
Diapriidae_sp.,2587,3.57,NA,0.51,NA,NA,1,0,1,1
Dicyrtomidae_sp.,2379,0.695,NA,0.2425,NA,NA,0,0,0,0.25
Dilophus_sp.,1860,5.163333333,0.32,0.786666667,NA,NA,1,1.666666667,1.666666667,1.333333333
Dinera_carinifrons,1632,6.44,1.78,1.56,NA,NA,2,3,2,1
Diplonevra_crassicornis,2283,2.58,NA,0.73,NA,NA,0,1,0,0
Diplonevra_glabra,1181,1.76,NA,0.53,NA,NA,1,0,1,0
Diptera_sp.,1860,5.063636364,0.654545455,1.209090909,NA,NA,2,3,3,3
Dolichopodidae_sp.,1181,4.085833333,0.459090909,1.015,NA,NA,0.416666667,0.833333333,0.833333333,0.25
Dolichopodidae_sp.,1463,3,NA,0.96,NA,NA,0,0,2,1
Dolichopodidae_sp.,1632,2.91,NA,0.86,NA,NA,0,1,1,0
Dolichopodidae_sp.,2080,2.29,NA,0.75,NA,NA,0.333333333,0.666666667,0.666666667,0.333333333
Dolichopodidae_sp.,2283,4.08,0.54,1.06,NA,NA,0,0,0,0
Drymeia_alpicola,1632,6.39,0.99,1.64,NA,NA,NA,NA,NA,NA
Drymeia_alpicola,2080,6.16,1.86,1.59,NA,NA,1,3,1,3
Drymeia_alpicola,2283,7.64,1.853333333,1.866666667,NA,NA,0.666666667,3,2,1.666666667
Drymeia_brumalis,1632,#DIV/0!,NA,NA,NA,NA,NA,NA,NA,NA
Drymeia_hamata,1181,7.24,2.27,1.89,NA,NA,1,2,2,1
Drymeia_hamata,1860,7.67,1.295,2.05,NA,NA,1.5,2.5,3,2
Drymeia_sp.,1181,5.02,0.862,1.392,NA,NA,0.6,1.8,2,0.8
Drymeia_sp.,1463,5.631666667,1.021666667,1.363333333,NA,3.325,1.333333333,2.833333333,2.833333333,2.333333333
Drymeia_sp.,1860,4.806,0.978,1.29,NA,NA,0.75,1.25,1.5,0.5
Drymeia_sp.,2080,6.36,2.19,1.64,NA,NA,1,3,2,3
Drymeia_sp.,2283,5.627333333,1.326666667,1.499333333,NA,1.92,1.333333333,2.933333333,2.933333333,1.933333333
Drymeia_sp.,2379,6.04,1.83,1.88,NA,NA,3,3,3,3
Eana_osseana,1860,7.415,1.685,1.135,NA,NA,0.5,0,0.5,0
Eana_osseana,2283,7.24,1.48,1.16,NA,NA,0,0,0,0
Egle_inermis,2283,2.15,0.54,0.69,NA,NA,0,2,1,1
Elateridae_sp.,1181,11.3,NA,1.686666667,3.203333333,NA,0.2,0.8,1.6,1.4
Elateridae_sp.,1463,12.775,NA,1.835,3.32,NA,0.5,0.5,2,1.5
Elateridae_sp.,1860,12.48,NA,1.98,3.38,NA,1,1,1,1
Elateridae_sp.,2080,12.82,NA,2.033333333,3.596666667,NA,1,3,1.666666667,2
Elateridae_sp.,2283,12.25666667,NA,2.063333333,3.983333333,NA,3,3,3,3
Elateridae_sp.,2587,12.21,NA,1.9,3.51,NA,1,1,2,1
Empididae_sp.,1181,3.67,1.100140845,0.734166667,NA,3.95,0.579710145,1.260869565,1.652173913,0.927536232
Empididae_sp.,1463,3.819565217,0.968695652,0.763478261,NA,NA,0.739130435,1.217391304,1.47826087,0.565217391
Empididae_sp.,1632,4.837222222,1.598333333,0.861666667,NA,NA,0.833333333,1.555555556,2.055555556,1.25
Empididae_sp.,1860,5.8668,1.815652174,1.030416667,NA,NA,0.88,1.8,2.2,1.4
Empididae_sp.,2080,3.947222222,0.871111111,0.765,NA,NA,0.555555556,0.972222222,1.555555556,0.916666667
Empididae_sp.,2283,5.873055556,1.685,1.016666667,NA,NA,1.6,2.485714286,2.742857143,2.485714286
Empididae_sp.,2379,4.56625,1.148,0.819,NA,NA,1.243902439,1.780487805,1.902439024,1.292682927
Empididae_sp.,2587,4.187555556,1,0.792666667,NA,NA,0.422222222,1.355555556,1.644444444,0.555555556
Entomobryidae_sp.,2080,1.42,NA,0.31,NA,NA,0,0,0,0
Entomobryidae_sp.,2587,1.272727273,NA,0.27,NA,NA,0,0,0.181818182,0
Ephydridae_sp.,1181,2.28,NA,0.8,NA,NA,0,1,0.5,0.5
Ephydridae_sp.,1463,2.36,NA,0.75,NA,NA,0.5,0.5,0.5,0
Ephydridae_sp.,1632,1.78,NA,0.67,NA,NA,0,1,0,0
Ephydridae_sp.,1860,1.63,NA,0.5,NA,NA,0,0,1,0
Ephydridae_sp.,2080,2.28,NA,0.88,NA,NA,0,1,1,1
Ephydridae_sp.,2283,3.058,0.88,1.12,NA,NA,0.4,0.8,1,0.4
Ephydridae_sp.,2379,3.17,NA,1.19,NA,NA,1,2,3,2
Epidapus_microthorax,1181,1,NA,0.18,NA,NA,0,0,0,0
Epinotia_mercuriana,2080,4.7,1.92,0.87,NA,NA,0,0,0,0
Epinotia_mercuriana,2283,4.709705882,1.212424242,0.853823529,NA,NA,0.352941176,0.029411765,0.117647059,0.264705882
Epinotia_mercuriana,2379,4.480833333,1.554166667,0.861666667,NA,NA,0.083333333,0,0.083333333,0.25
Epistrophe_sp.,1181,9.948333333,1.371666667,2.948333333,NA,NA,0.6,2.8,2.2,1.2
Epistrophe_sp.,1632,7.805,1.12,2.4,NA,NA,NA,NA,NA,NA
Epistrophe_sp.,2080,8.85,1.44,2.55,NA,NA,0,1,0,0
Epistrophe_sp.,2283,10.88,1.5325,3.265,NA,NA,2.25,3.75,3,3
Episyrphus_balteatus,1181,10.435,1.34,2.79,NA,NA,1.75,2.5,2.5,1.5
Episyrphus_balteatus,1463,10.29705882,1.291176471,2.827058824,NA,NA,0.882352941,2.764705882,2.529411765,2.058823529
Episyrphus_balteatus,1632,8.838,1.5825,2.58,NA,NA,1,2.666666667,2.666666667,1.666666667
Episyrphus_balteatus,1860,10.43125,1.23625,2.82625,4.88,NA,0.5,2.5,2.25,1
Episyrphus_balteatus,2080,10.3375,1.5575,2.755,NA,NA,1.5,2.5,2.5,1.75
Episyrphus_balteatus,2283,10.3425,1.38625,2.78125,NA,NA,1.375,3,3,2.125
Episyrphus_balteatus,2587,10.45,1.445,2.995,NA,NA,1.5,3,2,2.5
Erebia_epiphron,1632,11.38,6.62,2.28,NA,NA,0,0,0,1
Erebia_epiphron,2283,11.115,6.88,2.04,NA,NA,1,1,1,2
Erebia_manto,2283,13.1975,8.815,2.365,NA,NA,2,2,1.75,1.5
Erebia_manto_or_eriphyle,2283,10.98,7.44,1.99,NA,NA,1,2,2,1
Erebia_sp.,2283,11.16,7.8,2.21,NA,NA,2,2,3,2
Eristalis_horticola,2283,14.09,4.12,4.85,NA,NA,3,4,3,3
Eristalis_jugorum,1463,11.98,2.79,4.01,NA,NA,3,4,3,3
Eristalis_rupium,1181,12.27666667,2.633333333,4.29,NA,NA,2.333333333,3,3,2.333333333
Eristalis_sp.,1181,11.72,2.62,4.17,NA,NA,2,3,2.75,2.5
Eristalis_sp.,1463,10.9,2.115,3.735,NA,NA,2,3.5,3,3
Eristalis_sp.,1632,11.51,2.635,4.14,NA,NA,2.5,3,3,3
Eristalis_tenax,1181,14.2795,3.557,5.012,NA,NA,1.684210526,2.842105263,2.894736842,1.842105263
Eristalis_tenax,1463,14.3,3.845,4.895,NA,NA,2.5,3,3,2.5
Eristalis_tenax,1632,14.10666667,3.55125,4.897777778,NA,NA,2.888888889,3.111111111,3.222222222,2.777777778
Eristalis_tenax,2283,14.692,3.586,5.018,NA,NA,2.8,3.2,3.2,2.8
Estheria_bohemani,1463,7.51,2.01,2.23,NA,NA,3,3,3,3
Eudonia_vallesialis,2587,8.4,6.08,1.23,NA,NA,0,0,0,0
Eupeodes_sp.,1181,9.563333333,1.38,2.816666667,NA,NA,1,2.666666667,2.333333333,1.666666667
Eupeodes_sp.,1632,10.512,1.658,3.136,NA,NA,1.5,3,2.5,1.5
Eupeodes_sp.,2080,9.15,1.38,3.06,NA,NA,1,3,2,2
Eupeodes_sp.,2283,10.77333333,1.572222222,3.162222222,NA,NA,1.666666667,3.111111111,2.666666667,2.333333333
Eupeodes_sp.,2379,10.82,1.465,3.15,NA,NA,1.5,3,3,2.5
Eupeodes_sp.,2587,9.98,1.24,3,NA,NA,1,3,3,1
Eusphalerum_sp.,1181,1.69,NA,0.5,0.64,NA,0,1,1,0
Eusphalerum_sp.,1632,1.67,NA,0.49,0.54,NA,0,0,1,0
Eusphalerum_sp.,1860,2.248723404,NA,0.549787234,0.716304348,NA,0.234042553,0.553191489,0.808510638,0.617021277
Eusphalerum_sp.,2080,2.1445,NA,0.53025,0.673,0.18,0.125,0.3,0.65,0.4
Eusphalerum_sp.,2283,1.8725,NA,0.49875,0.6675,NA,0.125,0.125,1.125,0.75
Eusphalerum_sp.,2379,1.845,NA,0.50673913,0.639565217,0.14,0.326086957,0.5,1.02173913,0.739130435
Eusphalerum_sp.,2587,2.006428571,NA,0.537142857,0.651428571,0.19,0.571428571,0.428571429,0.785714286,0.642857143
Fannia_sp.,2080,4.32,0.98,1.3,NA,NA,1,3,3,2
Fanniidae_sp.,1463,4.125,0.97,1.045,NA,NA,0,1.5,1,1
Fanniidae_sp.,1860,3.798888889,0.681428571,1.12,NA,NA,0.777777778,1,1.111111111,0.888888889
Fanniidae_sp.,2080,4.332,0.846,1.272,NA,NA,1.4,3,2.8,2
Fanniidae_sp.,2587,3.436923077,0.79,0.876923077,NA,NA,0.153846154,1,1.076923077,0.307692308
Formica_exsecta,1181,4.3375,NA,1.305,NA,NA,0.25,0.25,0.75,0.5
Formica_exsecta,1463,#DIV/0!,NA,1.18,NA,NA,0,2,0,0
Formica_lemani,1181,2.837,NA,0.861,NA,0.405,0.4,0.6,1.2,1.3
Formica_polyctena,1463,#DIV/0!,NA,2.23,NA,NA,0,0,0,0
Formica_rufa,1181,5.415714286,NA,1.642857143,NA,2.66,0.285714286,0.571428571,1,1.142857143
Formica_transkaukasica,1181,3.743571429,NA,1.12,NA,1.06,0.357142857,0.785714286,0.642857143,0.571428571
Formica_transkaukasica,1463,2.9275,NA,0.984117647,NA,0.701666667,0.5625,1.058823529,0.941176471,0.823529412
Formica_transkaukasica,1632,3.584375,NA,1.03875,NA,NA,0.214285714,0.428571429,0.785714286,0.285714286
Formica_transkaukasica,1860,#DIV/0!,NA,1.145,NA,NA,0.5,0.5,1,1
Formicidae_sp.,1463,4.32,NA,0.995,NA,NA,1,0,1,0.5
Geomyza_sp.,1632,2.91,NA,0.86,NA,NA,0,0,0,0
Glacies_alpinata,1860,9.28,5.52,1.42,NA,NA,0,0,1,0
Glacies_coracina,2379,7.97,5.2225,1.2275,NA,NA,0.25,0.25,0.75,0.25
Glacies_noricana,2379,9.07,5.68,1.18,NA,NA,0,0,1,0
Glacies_sp.,2379,8.385714286,4.877142857,1.218571429,NA,NA,1.285714286,0.571428571,1.285714286,0.428571429
Glyphipterix_simpliciella,1463,2.675,0.89,0.45,NA,NA,0,0,0,0
Haematobia_irritans,1181,4.25,1.18,1.28,NA,NA,1,2,2,1
Haematobia_irritans,1632,6.75,1.68,1.78,NA,NA,NA,NA,NA,NA
Haematobia_titillans,1181,5.61,1.82,1.81,NA,NA,0,0,1,0
Halictus_rubicundus,1181,9.83,2.69,2.87,NA,NA,2,3,3,2
Halictus_rubicundus,1463,#DIV/0!,1.87,2.636666667,NA,NA,1.333333333,1.666666667,3,1.333333333
Halictus_rubicundus,1632,8.645,2.71,2.241666667,NA,NA,1.333333333,2.5,2.5,2.166666667
Halictus_rubicundus,2080,#DIV/0!,1.25,2.69,NA,NA,1,2,4,3
Helina_reversio,2283,6.32,0.98,1.88,NA,NA,1,3,3,2
Helina_reversio,2379,6.214705882,1.284117647,1.778235294,NA,2.586666667,1.058823529,2.352941176,2.176470588,1.764705882
Hesperia_comma,1181,14.32,13.09,3.48,NA,NA,1,0,0,0
Heterostylodes_nominabilis,1181,2.64,0.6,0.715,NA,NA,0.5,0.5,1,1
Hybotidae_sp.,1632,3.65,0.305,0.655,NA,NA,0.5,1,1,0.5
Hybotidae_sp.,1860,2.625,0.15,0.505,NA,NA,0,1,1.5,0.5
Hybotidae_sp.,2283,2,0.33,0.4,NA,NA,1,0,0,0
Hybotidae_sp.,2587,1.68,0.32,0.4,NA,NA,0,0,2,0
Hydrophoria_diabata,1860,5.08,1.38,1.49,NA,NA,0.5,1,1.5,0.5
Hydrophoria_lancifer,1632,8.63,1.44,2,NA,NA,1,1,1,0
Hydrophoria_lancifer,1860,9.325,1.66,2.5,NA,NA,1.5,2,2,1.5
Hydrophoria_sp.,1463,8.48,1.21,2.19,NA,NA,1,3,3,3
Hydrotaea_albipuncta,1463,4.48,1.83,1.47,NA,NA,1,2,2,1
Hylaeus_communis,1632,5.45,1.51,1.49,NA,NA,1,2,2,1
Hylaeus_confusus,1181,5.59,0.74,1.65,NA,NA,1,2,1,2
Hylemya_vagans,1463,5.81,1.21,1.73,NA,NA,0,1,1,1
Hylemya_vagans,1632,5.77,0.94,1.75,NA,NA,NA,NA,NA,NA
Hylemya_vagans,1860,6.815,1.01,1.855,NA,NA,0.5,1,1,0.5
Hylemya_variata,1632,4.96,1.24,1.5,NA,NA,1,0.5,1,0.5
Hylemya_variata,1860,5.205,0.928333333,1.443333333,NA,NA,0,0.5,0.666666667,0.166666667
Ichneumonidae_sp.,1181,3.658333333,NA,0.736666667,NA,NA,0.833333333,1.166666667,1.166666667,0.666666667
Ichneumonidae_sp.,1463,5.403636364,NA,1.142727273,NA,NA,1.181818182,1.363636364,1.363636364,0.727272727
Ichneumonidae_sp.,1632,4.66,NA,0.95,NA,NA,1,1.5,1.5,1
Ichneumonidae_sp.,1860,5.875,NA,1.095,NA,NA,0.333333333,0.833333333,0.666666667,0.333333333
Ichneumonidae_sp.,2080,3.753333333,NA,0.655,NA,NA,0.5,0.25,1,0
Ichneumonidae_sp.,2283,4.654761905,NA,0.825238095,NA,NA,0.428571429,0.619047619,0.285714286,0.095238095
Ichneumonidae_sp.,2379,5.5025,NA,1.11,NA,NA,1.5,2.5,2.75,1.5
Ichneumonidae_sp.,2587,4.612,NA,0.868,NA,NA,0.6,1.4,0.8,0.6
Isotomidae_sp.,2283,8,NA,0.19,NA,NA,0,0,0,0
Isotomidae_sp.,2587,0.98,NA,0.25,NA,NA,0,0,0,0
Issidae_sp.,1181,2.942,0.33,0.906,NA,NA,0.2,0,0.4,0
Issidae_sp.,1463,2.11,NA,0.94,NA,NA,0,0,0,0
Issidae_sp.,1632,3.545555556,0.604,1.137777778,NA,NA,0.428571429,0.142857143,0.571428571,0
Issidae_sp.,1860,3.114,0.318888889,0.953,NA,NA,0.1,0.2,0.1,0
Issidae_sp.,2080,3.037,0.258,0.93,NA,NA,0,0,0,0
Issidae_sp.,2283,2.99,0.75,0.86,NA,NA,0,0,0,1
Issidae_sp.,2379,2.33,0.25,0.56,NA,NA,0.5,0,1,0
Katiannidae_sp.,2080,1.19,NA,0.48,NA,NA,0,0,0,0
Lachesillidae_sp.,1463,1.51,NA,0.46,NA,NA,0,1,0,1
Lachesillidae_sp.,2080,1.89,NA,0.7,NA,NA,0,1,0,0
Lasioglossum_alpibes,1181,7.202142857,2.690714286,1.985714286,NA,NA,1.25,1.916666667,2.166666667,1.333333333
Lasioglossum_alpibes,1632,7.35,2.303333333,1.913333333,NA,NA,1,2,2.5,1.5
Lasioglossum_calceatum,1181,7.8725,2.4625,2.11,NA,NA,1.75,2.5,3.25,2.75
Lasioglossum_calceatum,1632,7.62,2.03,1.97,NA,NA,1,2,3,3
Lasioglossum_fratellum,1181,6.93,2.13,1.803333333,NA,NA,1,2,3.5,2
Lasioglossum_fratellum,1632,7.1225,2.384285714,1.825,NA,NA,1.285714286,2.285714286,2.285714286,1.571428571
Lasioglossum_fulvicorne,1181,6.525,1.75,1.7225,NA,NA,1,0.666666667,2.333333333,1.333333333
Lasioglossum_fulvicorne,1463,#DIV/0!,0.83,1.83,NA,NA,1,1,2,1
Lasioglossum_laevigatum,1632,7.61,2.11,3.23,NA,NA,2,3,3,3
Lasioglossum_leucopus,1181,5.99,1.6,1.3,NA,NA,1,1,3,2
Lasioglossum_leucopus,1463,#DIV/0!,0.94,1.416666667,NA,NA,0.666666667,1.333333333,2,1.333333333
Lasioglossum_sp.,1463,#DIV/0!,1.3475,1.8575,NA,NA,2,2.5,3.25,2.75
Lasius_sp.,1181,2.1,NA,0.61,NA,NA,2,2,3,3
Lauxaniidae_sp.,1463,3.72,NA,1.09,NA,NA,0,0,0,0
Lauxaniidae_sp.,2283,3.45,NA,1.19,NA,NA,0,0,1,0
Lepidoptera_sp.,1463,3.14,NA,0.63,NA,NA,0,0,0,0
Lepidoptera_sp.,2080,3.59,1.52,0.6,NA,NA,1,0,0,0
Lepidoptera_sp.,2379,4.11,2.16,0.96,NA,NA,0,0,0,0
Leptothorax_sp.,1181,2.84,NA,0.78,NA,NA,0,1.5,0.5,0.5
Leptothorax_sp.,1463,#DIV/0!,NA,0.7,NA,NA,1,0.5,0.5,0.5
Leptothorax_sp.,1860,#DIV/0!,NA,1.055,NA,NA,0.5,0,1,0.5
Leptothorax_sp.,2080,#DIV/0!,NA,1.02,NA,NA,0,0,1,1
Lonchaeidae_sp.,1463,1.932222222,NA,0.63,NA,NA,0.277777778,0.722222222,0.555555556,0.222222222
Lonchopteridae_sp.,1463,2.68,NA,0.68,NA,NA,0,0,0,0
Lonchopteridae_sp.,1632,2.7,NA,0.67,NA,NA,0,0,0,0
Lonchopteridae_sp.,1860,2.7,NA,0.61,NA,NA,0,0,1,0
Lycoriella_inflata,2283,2.43,NA,0.35,NA,NA,1,2,2,0
Lycosidae_sp.,1632,7.31,NA,2.19,NA,NA,0,0,0,0
Lycosidae_sp.,2379,4.27,NA,1.63,NA,NA,2,NA,1,1
Lygaeidae_sp.,1181,8.61,2.96,1.43,NA,NA,0,0,0,0
Lygaeidae_sp.,1463,5.886666667,2.765,1.263333333,NA,NA,1,2.333333333,2,1
Macaria_brunneata,1632,9.43,5.05,1.41,NA,NA,0,0,0,0
Macquartia_tenebricosa,1860,7.66,0.98,2.01,NA,NA,1,2,0,0
Megaselia_abdita,2283,1.56,NA,0.39,NA,NA,0,0,1,0
Megaselia_aculeata,1463,1.77,NA,0.53,NA,NA,0,0,0,0
Megaselia_brevicostalis,1632,1.175,NA,0.35,NA,NA,0,0,0,0
Megaselia_brevicostalis,2379,1.06,NA,0.39,NA,NA,0,0,0,0
Megaselia_ciliata,1463,1.94,NA,0.48,NA,NA,0,0,0,0
Megaselia_nectergata,1463,1.46,NA,0.44,NA,NA,1,1,0,0
Megaselia_nectergata,1860,1.65,NA,0.58,NA,NA,0,0,0,0
Megaselia_nectergata,2080,1.46,NA,0.48,NA,NA,0,0,1,0
Megaselia_pectoralis,2080,1.64,NA,0.52,NA,NA,0,1,1,0
Megaselia_pectoralis,2283,2.14,NA,0.55,NA,NA,0,1,1,1
Megaselia_pectoralis,2379,1.18,NA,0.35,NA,NA,0,0,0,0
Megaselia_pusilla,2379,1.31,NA,0.48,NA,NA,0,0,0,0
Megaselia_sordida,2283,1.69,NA,0.5,NA,NA,1,0,0,0
Megaselia_sordida,2379,1.78,NA,0.56,NA,NA,0,1,2,1
Megaselia_sp.,1181,1.361428571,NA,0.374285714,NA,NA,0.142857143,0.285714286,0.428571429,0.142857143
Megaselia_sp.,1463,1.83,NA,0.586666667,NA,NA,0.333333333,0.5,0.333333333,0.166666667
Megaselia_sp.,1632,1.44,NA,0.425,NA,NA,0,0,0.5,0
Megaselia_sp.,1860,1.66,NA,0.543333333,NA,NA,0,0.333333333,0,0
Megaselia_sp.,2080,1.495,NA,0.49,NA,NA,0,0,0.5,0
Megaselia_sp.,2283,1.75,NA,0.518,NA,NA,0,0.8,0.6,0.2
Megaselia_sp.,2379,1.506666667,NA,0.446666667,NA,NA,0,0,0.666666667,0
Megaselia_sp.,2587,2.083333333,NA,0.47,NA,NA,0,0,0.666666667,0
Megaselia_subfuscipes,1463,1.85,NA,0.62,NA,NA,0,1,2,0
Megaselia_subfuscipes,2283,1.2,NA,0.5,NA,NA,0,0,0,0
Megaselia_subnudipennis,2283,1.66,NA,0.6,NA,NA,1,1,0,0
Megaspilidae_sp.,1463,2.425,NA,0.6,NA,NA,1.5,2,1,0
Megaspilidae_sp.,2283,2.02,NA,0.53,NA,NA,0,1,0,0
Meigenia_mutabilis,1181,6.46,2.22,1.82,NA,NA,1,3,3,3
Melanostoma_sp.,1632,6.82,1.07,1.97,NA,NA,NA,NA,NA,NA
Melanostoma_sp.,2283,8.225,1.545,2.225,NA,NA,0.5,3,2.5,2
Melitaea_asteria,2379,9.5875,4.835,2.0725,NA,NA,1.75,2,0.75,1.75
Mellinus_arvensis,1463,#DIV/0!,NA,3.04,NA,NA,1,3,3,1
Melyridae_sp.,2283,3.928076923,NA,0.923076923,1.17125,NA,1.192307692,0.923076923,2,1.730769231
Meoneura_sp.,1181,#DIV/0!,NA,NA,NA,NA,NA,NA,NA,NA
Mesotype_verberata,2283,9.905,6.18,1.385,NA,NA,1,0.5,0,0
Micropterix_aruncella,1181,2.434444444,0.44,0.582,NA,NA,0.444444444,0.111111111,0,0.111111111
Micropterix_aruncella,1632,2.85,NA,0.55,NA,NA,NA,NA,NA,NA
Milichiidae_sp.,1181,1.59,NA,0.56,NA,NA,0,1,0,0
Milichiidae_sp.,2379,1.63,NA,0.6,NA,NA,1,1,1,0
Miridae_sp.,1181,6.347777778,2.995142857,1.244166667,NA,NA,0.971428571,1.057142857,2.428571429,1.914285714
Miridae_sp.,1463,4.406666667,2.260666667,1.021333333,NA,NA,0.4,0.6,1.333333333,1
Miridae_sp.,1632,4.715,2.016666667,0.956666667,NA,NA,0.4,0.4,0.8,0.4
Miridae_sp.,1860,5.518,2.35,1.12,NA,NA,0.4,1.2,1.8,2
Morellia_podagrica,1181,7.91,1.4,2.53,NA,NA,2,3,3,2
Musca_autumnalis,1181,7.323043478,1.581363636,2.546956522,NA,4.342941176,1.043478261,2.565217391,2.652173913,1.652173913
Musca_autumnalis,1463,7.0595,1.4905,2.4305,NA,3.32,1.3,2.6,2.75,2.25
Musca_autumnalis,1860,7.23,1.3,2.486666667,NA,NA,1,2,2.333333333,0.666666667
Musca_autumnalis,2283,#DIV/0!,NA,NA,NA,NA,NA,NA,NA,NA
Muscidae_sp.,1181,#DIV/0!,NA,NA,NA,NA,NA,NA,NA,NA
Muscidae_sp.,1463,8.11,1.28,2.4,NA,NA,0,3,3,3
Muscidae_sp.,1632,#DIV/0!,NA,NA,NA,NA,NA,NA,NA,NA
Muscidae_sp.,1860,6.041428571,1.208333333,1.405714286,NA,NA,0.6,2,2,1.5
Mycetophilidae_sp.,1181,1.73,NA,0.3,NA,NA,0,0,1,0
Myolepta_obscura,1181,12.04,2.983333333,3.876666667,NA,NA,2.333333333,3.333333333,3,3
Nabidae_sp.,1463,7.48,2.41,0.9,NA,NA,0,2,2,1
Nitidulidae_sp.,1181,1.93,NA,0.54,0.92,NA,0,0.5,0.5,0
Nitidulidae_sp.,1632,2.31,NA,0.74,1.17,NA,0,1,1,1
Odinidae_sp.,2283,1.8,NA,0.6,NA,NA,0,0,1,0
Oedemeridae_sp.,1463,8.393333333,NA,1.446666667,1.305,NA,0.333333333,1.333333333,2,1
Pamphiliidae_sp.,1463,5.436,NA,1.616,NA,NA,0.8,3.2,3,2
Pamphiliidae_sp.,1860,5.85,NA,1.45,NA,NA,2,2,2,2
Panorpa_sp.,1632,11.77,2.54,1.54,NA,NA,0,0,0,1
Pegoplata_aestiva,1181,3.762631579,1.121052632,1.238947368,NA,NA,0.421052632,1.473684211,1.894736842,0.526315789
Pegoplata_aestiva,1463,3.9088,1.0732,1.2504,NA,0.65,0.36,2.12,1.64,0.72
Pegoplata_aestiva,1632,4.022,1.2155,1.289,NA,0.7225,0.6,1.85,1.35,0.55
Pegoplata_aestiva,1860,3.886052632,0.906578947,1.240789474,NA,0.818333333,0.342105263,1.789473684,1.157894737,0.5
Pegoplata_aestiva,2080,4.073461538,1.156538462,1.302692308,NA,0.9,0.346153846,1.807692308,1.615384615,0.576923077
Pegoplata_aestiva,2283,4.351904762,1.114285714,1.295238095,NA,NA,0.428571429,1.714285714,1.238095238,0.80952381
Pegoplata_aestiva,2379,4.220769231,1.297692308,1.384615385,NA,NA,0.769230769,2.384615385,1.923076923,0.923076923
Pegoplata_aestiva,2587,4.476875,1.272666667,1.378125,NA,NA,0.235294118,1.294117647,0.882352941,0.411764706
Pempeliella_ornatella,1181,8.43,5.04,1.33,NA,NA,1,0,0,0
Peripsocidae_sp.,1181,3.08,NA,0.83,NA,NA,0,1,0,0
Peripsocidae_sp.,1463,2.39,NA,0.773333333,NA,NA,0,0.333333333,0.666666667,0.333333333
Peripsocidae_sp.,1860,1.935,NA,0.4,NA,NA,0,0,0,1
Peripsocidae_sp.,2283,2.96,NA,0.81,NA,NA,0,0,1,1
Perizoma_albulata,2283,7.03,3.59,1.06,NA,NA,0.666666667,0,0,0
Peyerimhoffia_alpina,2283,1.31,NA,0.28,NA,NA,0,1,2,0
Phaonia_angelicae,1181,#DIV/0!,NA,NA,NA,NA,NA,NA,NA,NA
Phaonia_lugubris,1860,8.52,1.67,2.26,NA,NA,2,3,3,3
Phaonia_serva,1463,8.79,2.03,2.4,NA,NA,3,3,3,3
Phaonia_serva,1632,6.69,1.12,1.74,NA,NA,2,3,3,3
Phaonia_sp.,1860,#DIV/0!,NA,NA,NA,NA,NA,NA,NA,NA
Phiaris_micana,1632,5.57,0.88,0.95,NA,NA,1,0,0,0
Phora_sp.,1463,3.01,NA,0.88,NA,NA,0,1,2,1
Phora_stictica,1181,2.89,NA,0.9,NA,NA,1,1,2,1
Phora_stictica,1463,2.97,NA,0.98,NA,NA,0,0,0,0
Phora_stictica,2080,2.63,NA,0.92,NA,NA,0,1,1,0
Phorbia_fumigata,1860,2.91,0.96,0.99,NA,NA,0.5,1.5,1,0.5
Phorbia_fumigata,2379,3.55,0.71,1.12,NA,NA,0,2,2,0
Phoridae_sp.,1181,1.4925,NA,0.4125,NA,NA,0.5,0.5,0.75,1
Phoridae_sp.,1463,1.54,NA,0.38,NA,NA,0,0,0,1
Phoridae_sp.,1632,1.46,NA,0.31,NA,NA,0,0,1,1
Phoridae_sp.,1860,2.03,NA,0.59,NA,NA,0,0,0.666666667,0
Phoridae_sp.,2283,2.496,NA,0.632,NA,NA,0,0.4,0.2,0.4
Phoridae_sp.,2379,1.698,NA,0.522,NA,NA,0,0.2,0.2,0
Phoridae_sp.,2587,2.05,NA,0.28,NA,NA,0,0,0,0
Phyllopertha_horticola,1181,9.5,NA,2.28,3.53,NA,1,1,2,2
Phyllopertha_horticola,1632,9.85,NA,2.29,3.48,NA,1,1,3,3
Phyllopertha_horticola,1860,9.4675,NA,2.2525,3.35,NA,0.5,1,1,1.25
Phyllopertha_horticola,2080,9.64,NA,2.24,3.48,NA,1,0,1,0
Phyllopertha_horticola,2283,9.663333333,NA,2.27,3.74,NA,1.333333333,1,2,2
Phyllopertha_horticola,2379,10.41,NA,2.38,3.8,NA,1,1,2,1
Piophilidae_sp.,1860,3.7,0.3,1.1,NA,NA,3,3,3,3
Pipunculidae_sp.,1463,2,0.3,0.7,NA,NA,1,1,1,0
Pisauridae_sp.,2283,5.77,NA,NA,1.84,NA,0,2,0,0
Platycheirus_sp.,1181,8.132,1.33,2.286,NA,NA,1.5,1.5,1.75,1.25
Platycheirus_sp.,1632,9.2,2.655,2.735,NA,NA,1,1.5,2.5,1
Platycheirus_sp.,2283,9.75,1.82,2.82,NA,NA,1,3,3,1
Platycheirus_sp.,2379,8.57,1.58,2.575,NA,NA,0.5,2,2,1
Platygastridae_sp.,1181,1.063333333,NA,0.323333333,NA,NA,0.666666667,0.666666667,0.333333333,0
Platygastridae_sp.,2379,1.23,NA,0.42,NA,NA,1,0,0,0
Platypezidae_sp.,1860,3.44,0.28,0.69,NA,NA,0,0.666666667,1.666666667,0.333333333
Pompilidae_sp.,1181,7.17,NA,1.9,NA,NA,1,0,1,0
Pompilidae_sp.,1463,8.49,NA,2.04,NA,NA,0,0,3,1
Proctotrupidae_sp.,1860,3.11,NA,0.61,NA,NA,0,0,0,0
Psilidae_sp.,1632,2.82,NA,0.79,NA,NA,1,1,1,0
Psilidae_sp.,2283,2.886666667,NA,0.883333333,NA,NA,0.333333333,0.666666667,1,0.333333333
Psilidae_sp.,2379,4.14,NA,1.04,NA,NA,1,2,1,2
Pterophoridae_sp.,1463,9.39,6.47,1.08,NA,NA,0,0,0,0
Ptinidae_sp.,1463,2.81,NA,0.71,0.88,NA,0,0,1,1
Raphidiidae_sp.,1463,10.35,NA,1.29,NA,NA,1,3,3,2
Rhagionidae_sp.,1181,6.82,1.04,2.22,NA,NA,1,1,1,1
Rhagionidae_sp.,1463,9.08,1.15,2.17,NA,NA,1,2,2,2
Rhingia_campestris,1860,10.92,2.59,3.47,NA,NA,1,1,1,1
Rhingia_campestris,2283,10.1,2.75,3.18,NA,NA,1,3,3,2
Rhinophoridae_sp.,1181,8.676666667,2.24,2.186666667,NA,NA,0.333333333,1.333333333,2,1
Saldidae_sp.,1181,7.63,3.08,1.46,NA,NA,0,0,1,1
Saldidae_sp.,2379,2.59,1.25,0.77,NA,NA,1,0,1,1
Saltella_sphondylii,1181,2.84,NA,0.852727273,NA,NA,0.545454545,0.727272727,1,0.181818182
Saltella_sphondylii,1463,2.976785714,0.755,0.856428571,NA,NA,0.357142857,1.5,1.107142857,0.642857143
Saltella_sphondylii,1632,2.8775,NA,0.86625,NA,NA,0.285714286,1.142857143,1.142857143,0.428571429
Saltella_sphondylii,1860,2.961111111,0.38,0.86,NA,NA,0.777777778,1.777777778,1.222222222,0.666666667
Saltella_sphondylii,2080,2.955,NA,0.815,NA,NA,0,2,2,0.5
Salticidae_sp.,1463,3.63,NA,1.31,NA,NA,0,0,0,0
Sarcophaga_haemorrhoa,1181,9.54,1.74,2.66,NA,NA,1,3,3,1
Sarcophaga_vagans,1632,8.28,1.88,2.49,NA,NA,2,3,3,3
Sarcophagidae_sp.,1181,8.76,1.935833333,2.678333333,NA,NA,1,2.25,2.5,1.5
Sarcophagidae_sp.,1463,8.193333333,1.551666667,2.401666667,NA,NA,1.25,2.916666667,2.583333333,1.833333333
Sarcophagidae_sp.,1632,9.05,1.725,2.635,NA,NA,1,3,3,2
Sarcophagidae_sp.,1860,11.3,2.11,2.7,NA,NA,2,3,3,3
Sarcophagidae_sp.,2080,11.185,2.65,3.305,NA,NA,2,3,3,3
Sarcophagidae_sp.,2283,11.27,2.99,2.8,NA,NA,1,3,3,3
Scaeva_sp.,1181,13.395,2.325,4.115,NA,NA,1,3,2.5,1.5
Scaeva_sp.,1632,14.71,2.68,4.29,NA,NA,NA,NA,NA,NA
Scaeva_sp.,1860,16,2.2,4.1,NA,NA,2,2,2,2
Scaeva_sp.,2283,15.02,2.37,4.255,NA,NA,2,3,3.5,3
Scaeva_sp.,2379,14.15,1.915,4.285,NA,NA,2.5,3,3,3
Scarabaeidae_sp.,1181,10.7775,NA,2.745,4.52,NA,0,0.25,0.25,0.5
Scarabaeidae_sp.,1463,7.85,NA,2.37,3.4,NA,0,0,1,2
Scarabaeidae_sp.,2587,5.75,NA,1.42,2.41,NA,0,0,0,0
Scathophaga_stercoraria,2283,#DIV/0!,NA,NA,NA,NA,NA,NA,NA,NA
Scathophagidae_sp.,1181,4.152,1.326,1.344,NA,NA,0.8,1,1.4,0.6
Scathophagidae_sp.,1463,3.535,NA,1.005,NA,NA,0,1,0.5,0.5
Scathophagidae_sp.,1632,8.03,1.34,2.11,NA,NA,1,2,1,1
Scathophagidae_sp.,1860,5.494,0.9525,1.674,NA,NA,0.4,0.6,1.2,0.8
Scathophagidae_sp.,2080,6.26,1.25,1.63,NA,NA,1,3,3,2
Scathophagidae_sp.,2283,5.925,0.967,1.438,NA,NA,0.6,1.7,2.2,1.4
Scathophagidae_sp.,2379,3.38,0.75,0.9775,NA,NA,0.5,0.75,1.5,0.75
Scathophagidae_sp.,2587,3.7,0.53,1.07,NA,NA,0,1,1,1
Scatopsidae_sp.,1181,1.6675,NA,0.235,NA,NA,0,0.25,0.25,0.25
Scatopsidae_sp.,1463,2.225,NA,0.375,NA,NA,0.5,0.25,0.75,0.25
Scatopsidae_sp.,2283,1.867619048,NA,0.244285714,NA,NA,0.19047619,0.238095238,0.571428571,0.285714286
Scelionidae_sp.,1463,1.47,NA,0.48,NA,NA,0,1,1,1
Sciara_flavimana,1181,2.78,NA,0.59,NA,NA,0,1,0,0
Sciara_hemerobioides,1463,4.56,0.305,0.633333333,NA,NA,1,2,2.333333333,2.666666667
Sciara_sp.,1463,5.05,NA,0.67,NA,NA,2,3,3,3
Sciaridae_sp.,1181,1.82,NA,0.545,NA,NA,0,0.5,0.5,0
Sciaridae_sp.,1463,2.27,NA,0.52,NA,NA,0,1,1,0
Sciaridae_sp.,1860,1.75,NA,0.25,NA,NA,0,0,0,0
Sciaridae_sp.,2080,#DIV/0!,NA,NA,NA,NA,NA,NA,NA,NA
Sciaridae_sp.,2283,2.205,NA,0.36,NA,NA,0.333333333,0.666666667,0.666666667,0
Sciaridae_sp.,2379,2.39,NA,0.4,NA,NA,1,3,2,1
Scythris_sp.,2283,5.91,3.025,0.905,NA,NA,0.5,0,0,0
Scythris_sp.,2379,5.372,3.564,0.936,NA,NA,0.6,0.1,0.3,0.2
Scythris_sp.,2587,6.32,3.08,0.95,NA,NA,0,0,0,0
Sepsidae_sp.,1860,3,0.45,0.79483871,NA,NA,0.133333333,0.633333333,0.366666667,0.166666667
Sepsidae_sp.,2283,3.845,0.51,0.975,NA,NA,1,1.5,1,0.5
Sepsis_cynipsea,1181,2.731,NA,0.779,NA,NA,0.5,0.3,0.3,0.5
Sepsis_cynipsea,1463,2.90804878,NA,0.768292683,NA,NA,0.05,0.4,0.4,0.175
Sepsis_cynipsea,1632,2.596666667,NA,0.736666667,NA,NA,0,0.333333333,0,0
Sepsis_cynipsea,1860,3.2575,0.625,0.835,NA,NA,0,1.25,0.25,0
Sepsis_flavimana,1463,3.02,NA,0.88,NA,NA,0,1,0,0
Sepsis_neocynipsea,1181,2.75,NA,0.75,NA,NA,0.8,0.4,0.2,0.2
Sepsis_neocynipsea,1463,3.055,NA,0.794,NA,NA,0.1,0.6,0.5,0.1
Sepsis_neocynipsea,1632,2.836666667,NA,0.743333333,NA,NA,0.333333333,0.333333333,0,0
Sepsis_neocynipsea,1860,3.279090909,0.39,0.810909091,NA,NA,0.1,0.2,0.2,0.1
Sepsis_neocynipsea,2283,3.41,NA,0.85,NA,NA,0.5,1,0.5,0
Sepsis_neocynipsea,2379,2.97,NA,0.64,NA,NA,1,2,2,1
Sepsis_neocynipsea,2587,3.26,NA,0.98,NA,NA,0,1,1,0
Siphona_sp.,1181,3.22,2.05,1.07,NA,NA,1,1,1,2
Siphona_sp.,1632,5.2,4.16,1.54,NA,NA,2,2,2,1
Sminthuridae_sp.,2080,1.08,NA,0.435,NA,NA,0,0,0,0.5
Sminthuridae_sp.,2283,0.72,NA,0.24,NA,NA,0,0,0,0
Sphaeroceridae_sp.,1181,1.18,NA,0.33,NA,NA,1,0,0,1
Sphaerophoria_scripta,1181,11.12,1.29,2.49,NA,NA,1,2,2,1
Sphaerophoria_scripta,1632,7.29,1.76,1.96,NA,NA,1,3,3,2
Staphylinidae_sp.,1632,1.46,NA,0.39,0.54,NA,0,0,1,0
Staphylinidae_sp.,2080,4.94,NA,0.77,1.2,NA,0,0,0,1
Staphylinidae_sp.,2283,1.863636364,NA,0.51,0.647272727,NA,0.454545455,0.181818182,1.090909091,0.636363636
Staphylinidae_sp.,2379,1.88,NA,0.52,0.64,NA,0,0,1,0
Staphylinidae_sp.,2587,5.48,NA,1.01,1.28,NA,0,0,2,0
Stratiomyidae_sp.,1181,8.66,0.74,2.21,NA,NA,1,2,2,2
Stratiomyidae_sp.,1860,5.67,0.34,1.39,NA,NA,0,1,1,0
Syrphidae_sp.,1181,7.168333333,1.21049505,2.037777778,NA,NA,1.03030303,2.212121212,2.323232323,1.444444444
Syrphidae_sp.,1463,7.529795918,1.305555556,2.164693878,NA,NA,0.897959184,2.673469388,2.551020408,1.693877551
Syrphidae_sp.,1632,7.259782609,1.35047619,2.069782609,NA,NA,0.837837838,2.054054054,2.081081081,1.135135135
Syrphidae_sp.,1860,7.672222222,1.227777778,2.212222222,NA,NA,0.888888889,2.074074074,1.962962963,1.296296296
Syrphidae_sp.,2080,7.000294118,1.285151515,2.147058824,NA,NA,1.088235294,2.588235294,2.323529412,1.882352941
Syrphidae_sp.,2283,7.5,1.245,2.1,NA,NA,2,3,3,2.5
Syrphidae_sp.,2379,6.71,1.270714286,1.922142857,NA,NA,1.071428571,2.357142857,2.142857143,1.285714286
Syrphidae_sp.,2587,7.713333333,1.34,2.153333333,NA,NA,0.333333333,1,1.333333333,0.666666667
Syrphus_admirandus,1181,12.38,2.37,3.75,NA,NA,1,3,2,1
Syrphus_admirandus,1463,12.94,1.69,3.94,NA,NA,2,3,3,2
Syrphus_admirandus,2283,9.46,1.43,2.86,NA,NA,2,4,3,3
Syrphus_auberti,1181,8.37,1.71,2.68,NA,NA,1,3,2,1
Syrphus_sp.,1181,9.36,2.17,2.9,NA,NA,1,3,2,1
Syrphus_sp.,1632,10.99,2.02,3.6,NA,NA,1,3,3,3
Syrphus_sp.,2283,10.76625,1.55625,3.3575,NA,NA,1.75,3.375,2.875,2.625
Syrphus_torvus,2283,12.01,1.863333333,3.81,NA,NA,2,3,2.666666667,2.333333333
Syrphus_vitripennis,1181,#DIV/0!,NA,NA,NA,NA,NA,NA,NA,NA
Tachinidae_sp.,1181,9.0625,5.7475,2.755,NA,NA,1.25,1.5,2.25,0.75
Tachinidae_sp.,1632,5.15,3.33,1.52,NA,NA,0,1,1,1
Tenthredinidae_sp.,1181,8.54625,NA,2.423333333,NA,NA,1.666666667,2.555555556,2.666666667,1.111111111
Tenthredinidae_sp.,1463,9.558333333,NA,2.488333333,NA,0.82,2.333333333,2.833333333,2.833333333,2.166666667
Tenthredinidae_sp.,1632,9.858421053,NA,2.595789474,NA,NA,2,2.733333333,2.8,1.733333333
Tenthredinidae_sp.,1860,9.465,NA,2.446,NA,NA,1.3,2.3,2.7,1.7
Tenthredinidae_sp.,2080,7.13,NA,1.69,NA,NA,0,1,1,0
Tenthredinidae_sp.,2283,7.4875,NA,2.0175,NA,NA,1.75,2.5,2.25,2
Tenthredinidae_sp.,2379,5.999230769,NA,1.543846154,NA,NA,2,2.615384615,2.461538462,1.846153846
Tetragnathidae_sp.,2587,2.32,NA,0.85,NA,NA,1,0,0,1
Themira_annulipes,1181,#DIV/0!,NA,NA,NA,NA,NA,NA,NA,NA
Themira_annulipes,1632,3.3,NA,0.68,NA,NA,1,0,0,0
Themira_lucida,2080,2.56,NA,0.72,NA,NA,0,1,0,0
Themira_minor,1463,2.26,NA,0.61,NA,NA,0,2,1,1
Themira_minor,1632,2.68,NA,0.78,NA,NA,0,1,1,0
Themira_minor,1860,2.266666667,NA,0.723333333,NA,NA,0,0,1,0.333333333
Themira_minor,2283,3.187142857,NA,0.977142857,NA,NA,0.285714286,0.714285714,0.428571429,0
Themira_superba,1181,1.743333333,NA,0.566666667,NA,NA,0,0,0,0
Themira_superba,1463,2.94,0.5,0.855,NA,NA,0.5,0,1,0
Themira_superba,2283,2.76,NA,0.65,NA,NA,1,0,1,0
Therevidae_sp.,2283,9.46,0.76,2.23,NA,NA,0,1,3,1
Therevidae_sp.,2587,4.953333333,0.586666667,1.62,NA,NA,0.333333333,1.333333333,1.333333333,0.666666667
Thomisidae_sp.,1181,4.826666667,NA,1.63,2.362,NA,0,0,0.5,0
Thricops_aculeipes,1860,7.596666667,1.386666667,1.89,NA,NA,1.333333333,2.666666667,3,2
Thricops_aculeipes,2283,8.43,1.52,1.84,NA,NA,0,3,2,2
Thricops_culminum,1860,8.5,1.62,1.96,NA,NA,1,2,3,1
Thricops_culminum,2283,8.24,1.66,1.77,NA,NA,3,3,3,3
Thricops_cunctans,1463,5.26,0.99,1.31,NA,NA,2,3,3,1
Thricops_furcatus,1632,5.16,0.77,1.29,NA,NA,1,3,3,2
Thricops_longipes,1181,7.71,1.35,2.21,NA,NA,NA,NA,NA,NA
Thricops_longipes,1860,3.98,0.616666667,1.1325,NA,NA,0.25,1,1,0.5
Thricops_longipes,2283,3.98,0.77,1.18,NA,NA,1,2,2,1
Thricops_nigritellus,1860,4.37,NA,1.13,NA,NA,1,3,3,1
Thricops_sp.,1181,5.038,0.977,1.451,NA,8.37,0.4,1.6,1.8,0.8
Thricops_sp.,1463,5.128571429,0.967142857,1.342142857,NA,1.31,0.6,1.6,1.733333333,1.066666667
Thricops_sp.,1632,4.684545455,0.898,1.192727273,NA,1.445,0.769230769,2.461538462,1.846153846,1
Thricops_sp.,1860,5.127704918,0.795081967,1.214262295,NA,1.75,0.640625,1.859375,2.171875,0.9375
Thricops_sp.,2080,4.865,0.923333333,1.273333333,NA,1.726666667,0.5,2.083333333,2.083333333,1
Thricops_sp.,2283,4.597368421,0.760555556,1.073157895,NA,1.64,0.421052632,1.368421053,1,0.631578947
Thricops_sp.,2379,5.619,1.09,1.433,NA,NA,0.9,1.7,1.6,0.7
Thricops_sp.,2587,6.293333333,1.280833333,1.568333333,NA,3.04,0.5,2,1.833333333,1
Thripidae_sp.,1181,0.91,NA,0.3,NA,NA,0,0,0,0
Thripidae_sp.,2080,1.159473684,NA,0.202631579,NA,NA,0,0.052631579,0.105263158,0.368421053
Thripidae_sp.,2283,0.855,NA,0.165,NA,NA,0,0,0,0
Tipulidae_sp.,1463,13.29,0.715,1.19,NA,NA,0.5,2,2,1.5
Tipulidae_sp.,1632,14,1.453333333,1.483333333,NA,NA,1,1,1,0
Tipulidae_sp.,1860,6.4,0.51,0.62,NA,NA,0.5,0.5,0.5,2
Tipulidae_sp.,2283,13.09,1.33,1.23,NA,NA,3,3,3,3
Tipulidae_sp.,2379,12.63,1.09,1.28,NA,NA,3,2,2,1
Tortricidae_sp.,1860,4.56,1.51,0.91,NA,NA,1,0,1,0
Tortricidae_sp.,2587,4.31,0.98,0.78,NA,NA,1,0,0,0
Triphleba_inaequalis,2379,1.51,NA,0.5,NA,NA,1,1,0,0
Triphleba_luteifemorata,1463,1.28,NA,0.43,NA,NA,0,0,0,0
Triphleba_sp.,1181,1.15,NA,0.36,NA,NA,1,0,1,1
Triphleba_sp.,1632,#DIV/0!,NA,NA,NA,NA,NA,NA,NA,NA
Udea_alpinalis,1632,8.57,6.66,1.26,NA,NA,NA,NA,NA,NA
Udea_uliginosalis,2283,10.26,6.54,1.37,NA,NA,0,0,0,0
Ulidiidae_sp.,1860,5.27,0.72,1.16,NA,NA,0,1,1,0
Xanthorhoe_montanata,1860,10.99,7.27,1.73,NA,NA,0,0,0,0
Xiphydriidae_sp.,2283,4.88,NA,1.1,NA,NA,1,1,1,0
Xyelidae_sp.,2080,3.25,NA,0.88,NA,NA,1,1,2,1
Xylophagidae_sp.,1860,10.72,1.04,2.44,NA,NA,1,0,1,1
Zygaena_exulans,2283,11.56833333,8.253333333,1.67,NA,NA,1.833333333,1.666666667,1.833333333,2.166666667
Zygaena_exulans,2379,11.42,8.28,1.67,NA,NA,2,1,1,1
Zygaena_purpuralis,1181,13.04,10.7,1.83,NA,NA,1,0,1,0
Acari_sp.,1860,1.02,NA,NA,0.54,NA,0,0,1,0
Andrena_carantonica,2379,12.38,3.22,3.45,NA,NA,3,4,4,3
Anthomyiidae2_sp.,1181,4.276,1.143,1.215,NA,NA,0.4,2,2.2,0.4
Anthomyiidae2_sp.,1463,4.597272727,1.130909091,1.3,NA,NA,0.090909091,2,1.545454545,0.545454545
Anthomyiidae2_sp.,1632,4.409,1.227,1.222,NA,1.3175,0.5,2.1,1.5,0.7
Anthomyiidae2_sp.,1860,4.417241379,0.975517241,1.221034483,NA,1.505,0.451612903,1.9,1.612903226,0.483870968
Anthomyiidae2_sp.,2080,5.505454545,1.282727273,1.478181818,NA,NA,0.272727273,1.545454545,1.272727273,0.636363636
Anthomyiidae2_sp.,2283,4.749090909,1.145454545,1.210909091,NA,1.716666667,0.363636364,1.909090909,1.454545455,0.636363636
Anthomyiidae2_sp.,2379,5.857,1.295,1.501,NA,1.97,0.3,2.3,1.4,0.7
Anthomyiidae2_sp.,2587,4.578,1.4,1.2,0.64,NA,0.4,1.4,1,0.6
Aradidae_sp.,1181,8.92,4.05,2.15,NA,NA,NA,NA,NA,NA
Arctophila_bombiforme,1181,14.33,4.34,4.52,NA,NA,2,3,3,3
Cecidomyiidae2_sp.,1860,1.38,NA,0.28,NA,NA,0,0,0,0
Cecidomyiidae3_sp.,1860,1.1,NA,0.32,NA,NA,0,0,0,0
Chorthippus_sp.,2080,6.73,NA,1.47,NA,NA,0,0,0,0
Chorthippus_montanus,1860,15.07,NA,2.32,NA,NA,1,0,0,1
Crambus_cf_lathoniellus,1181,8.22,4.41,1.21,NA,NA,0,0,0,0
Dasysyrphus_sp.,2283,10.4,1.78,2.87,NA,NA,2,4,3,3
Delia2_sp.,1181,4.21,0.99,1.21,NA,NA,0,0,1,0
Figitidae_sp.,1181,1.92,NA,0.47,NA,NA,0,0,0,0
Figitidae_sp.,1463,1.76,NA,0.4175,NA,NA,1,1.25,1.5,0.25
Figitidae_sp.,1632,2.185,NA,0.5225,NA,NA,0.25,0.25,0.75,0.5
Figitidae_sp.,2283,2.545,NA,0.65,NA,NA,1,2,0.5,0.5
Gelechiidae1_sp.,1463,3.65,2.11,0.71,NA,NA,1,0,0,0
Gelechiidae2_sp.,1463,5.18,3.14,0.83,NA,NA,1,0,0,0
Gelechiidae3_sp.,1181,5.09,2.42,0.82,NA,NA,0,0,0,0
Geometridae__or_Crambidae,2283,9.06,5.52,1.29,NA,NA,0,0,0,0
Muscidae10_sp.,1181,7.98,1.235,2.12,NA,NA,1.5,2.5,2.5,2
Muscidae10_sp.,1632,7.5,1.54,1.9,NA,NA,1,3,3,2
Muscidae10_sp.,1860,7.03,1.79,2.13,NA,NA,1,3,2,2
Muscidae10_sp.,2080,6.58,1.82,2.09,NA,NA,1,3,3,1.5
Muscidae10_sp.,2283,6.633333333,1.725555556,1.886666667,NA,3.0925,1.111111111,2.555555556,2.777777778,1.888888889
Muscidae10_sp.,2379,6.8875,1.69,1.9825,NA,NA,1.75,2.25,2.5,2.25
Muscidae10_sp.,2587,6.691818182,1.568,1.72,NA,1.95,0.818181818,2.363636364,2.090909091,1.181818182
Muscidae11_sp.,1181,7.78,1.77,2.225,NA,NA,1.5,2.5,2,2
Muscidae11_sp.,1463,7.974666667,1.196,2.021333333,NA,7.715,2.25,3.125,2.9375,2.75
Muscidae11_sp.,1632,#DIV/0!,NA,NA,NA,NA,NA,NA,NA,NA
Muscidae11_sp.,1860,8.180869565,1.156956522,2.100434783,NA,6.073333333,1.391304348,2.869565217,2.695652174,2.086956522
Muscidae11_sp.,2080,7.81875,1.3975,2.0875,NA,11.12,1.333333333,2.666666667,2.111111111,1.555555556
Muscidae11_sp.,2283,9.015,1.7925,2.455,NA,NA,1.75,2.5,3,3
Muscidae11_sp.,2379,7.1,1.73,1.92,NA,NA,2,2.666666667,3,3
Muscidae11_sp.,2587,6.92,0.91,2.13,NA,NA,2,3,3,2
Muscidae2_sp.,1860,#DIV/0!,NA,NA,NA,NA,NA,NA,NA,NA
Muscidae3_sp.,1181,7.834,1.421111111,2.148,NA,8.376666667,1.333333333,2.888888889,2.777777778,2.222222222
Muscidae3_sp.,1632,8.042,1.52,2.115,NA,9.45,1.6,2.7,2.8,2.4
Muscidae3_sp.,1860,8.133076923,1.033333333,1.986410256,NA,9.34,1.457142857,3.057142857,2.8,2.085714286
Muscidae3_sp.,2080,7.21,1.51,1.85,NA,NA,0.5,2,2,1
Muscidae3_sp.,2283,7.571,1.686,1.911,NA,NA,0.9,2.7,2.2,1.8
Muscidae4_sp.,1463,6.67,1.47,2.18,NA,NA,1,3,3,2
Muscidae4_sp.,1860,8.03,1.87,2.13,NA,NA,1.5,3,3,3
Muscidae4_sp.,2080,7.435,1.68,2.06,NA,NA,0.5,2,1.5,2
Muscidae5_sp.,1463,6.631428571,1.387142857,1.595714286,NA,3.715,1.571428571,3,2.857142857,2.428571429
Muscidae5_sp.,1632,7.562,1.994,1.97,NA,NA,1.6,2.8,2.6,1.6
Muscidae5_sp.,1860,7.87,1.5625,2.0925,NA,NA,1.5,3,3,2.5
Muscidae5_sp.,2080,7.547272727,1.968181818,2.065454545,NA,5.535,1.818181818,3.181818182,3,2.818181818
Muscidae5_sp.,2283,7.565,1.8775,1.88125,NA,NA,1.25,3,2.625,2.25
Muscidae5_sp.,2379,7.153333333,1.683333333,1.723333333,NA,NA,1,2.666666667,2.333333333,1.666666667
Muscidae5_sp.,2587,7.235333333,1.512666667,1.846,NA,4.28,0.733333333,2.2,2,1.133333333
Muscidae8_sp.,1181,7.35,1.43,1.91,NA,NA,2,3,3,2
Muscidae9_sp.,1181,4.4,0.958181818,1.320909091,NA,NA,1.090909091,2.545454545,2.363636364,1.363636364
Muscidae9_sp.,1463,5.113333333,0.9525,1.465833333,NA,NA,1.083333333,2.083333333,2.166666667,1.416666667
Muscidae9_sp.,1632,4.43,0.795,1.275,NA,NA,1,2.5,2.5,1.5
Muscidae9_sp.,1860,5.001304348,0.81826087,1.350434783,NA,0.95,0.692307692,2,1.961538462,1.576923077
Muscidae9_sp.,2080,5.120769231,0.865384615,1.354615385,NA,0.75,0.615384615,1.769230769,1.384615385,0.923076923
Muscidae9_sp.,2283,4.44,0.768,1.25,NA,0.755,0.3,1.6,1.5,1.4
Muscidae9_sp.,2379,5.688,1.252,1.528,NA,1.47,0.9,2.3,2,1.5
Muscidae9_sp.,2587,5.874545455,1.369090909,1.525454545,NA,NA,0.833333333,2.083333333,1.75,1.083333333
Nomada_flavoguttata,1181,5.74,1.8,1.59,NA,NA,1,2,2,1
Orygma_luctuosum,2080,2.76,NA,0.81,NA,NA,0,0,1,0
Plebejus_argus,1181,8.46,6.16,1.35,NA,NA,1,0,0,0
Rhingia_sp.,1181,8.33,2.6,2.68,NA,NA,1,2,2,1
Rhingia_sp.,1632,8.79,3.51,2.61,NA,NA,1,2,2,1
Sphaerophoria_shirchan,1632,6.79,1.45,1.855,NA,NA,1.5,2.5,2,2
Themira_leachi,1463,2.35,NA,0.65,NA,NA,2,3,2,2
Themira_leachi,1860,3.82,NA,0.79,NA,NA,1,1,0,0
Themira_leachi,2283,3.58,NA,0.96,NA,NA,1,0,1,1
Themira_leachi,2379,3.71,NA,0.95,NA,NA,1,1,2,1
Vacciniina_optilete,2080,9.13,5.445,1.33,NA,NA,0,0,0,0